{"cameraMode":{"drawMode":0,"name":"Shaded","section":"Shading Mode"},"sceneLighting":true,"audioPlay":false,"sceneViewState":{"showFog":true,"showMaterialUpdate":false,"showSkybox":true,"showFlares":true,"showImageEffects":true,"showParticleSystems":true},"in2DMode":false,"pivot":{"x":19.846641540527345,"y":2.5868053436279299,"z":65.50210571289063},"rotation":{"x":0.025628121569752694,"y":0.31425854563713076,"z":-0.008487093262374401,"w":0.9489535689353943},"size":3.5234358310699465,"orthographic":false}