{"cameraMode":{"drawMode":0,"name":"Shaded","section":"Shading Mode"},"sceneLighting":false,"audioPlay":false,"sceneViewState":{"showFog":true,"showMaterialUpdate":false,"showSkybox":true,"showFlares":true,"showImageEffects":true,"showParticleSystems":true},"in2DMode":false,"pivot":{"x":-12.193283081054688,"y":2.1799535751342775,"z":-2.005584716796875},"rotation":{"x":0.0319213904440403,"y":0.9215355515480042,"z":-0.07759156078100205,"w":0.3791210353374481},"size":3.795703172683716,"orthographic":true}